arm	size	budget_bt	gbs	lr	steps	tokens	loss	schedule
attn-qknorm	124M	12	64	0.001	45777	12000165888	2.6541	single
attn-qknorm	124M	20	64	0.001	76294	20000014336	2.6124	single
attn-qknorm	124M	6	64	0.001	22889	6000214016	2.7188	single
attn-qknorm	302M	12	64	0.001	45777	12000165888	2.5044	single
attn-qknorm	302M	20	128	0.001	38147	20000014336	2.4560	single
attn-qknorm	302M	6	64	0.001	22889	6000214016	2.5789	single
attn-qknorm	47M	12	64	0.002	45777	12000165888	2.8833	single
attn-qknorm	47M	20	64	0.002	76294	20000014336	2.8504	single
attn-qknorm	47M	6	32	0.002	45777	6000082944	2.9463	single
attn	124M	12	64	0.001	45777	12000165888	2.6799	single
attn	124M	20	64	0.001	76294	20000014336	2.6389	single
attn	124M	6	64	0.001	22889	6000214016	2.7471	single
attn	302M	12	64	0.001	45777	12000165888	2.5382	single
attn	302M	20	128	0.001	38147	20000014336	2.4942	single
attn	302M	6	64	0.001	22889	6000214016	2.6126	single
attn	47M	12	64	0.002	45777	12000165888	2.9109	single
attn	47M	20	64	0.002	76294	20000014336	2.8782	single
attn	47M	6	32	0.002	45777	6000082944	2.9844	single
kda-sig-hybrid-lowrank	124M	12	64	0.001	45777	12000165888	2.6072	single
kda-sig-hybrid-lowrank	124M	20	64	0.001	76294	20000014336	2.5705	single
kda-sig-hybrid-lowrank	124M	6	64	0.001	22889	6000214016	2.6718	single
kda-sig-hybrid-lowrank	302M	12	64	0.001	45777	12000165888	2.4446	single
kda-sig-hybrid-lowrank	302M	20	128	0.001	38147	20000014336	2.3956	single
kda-sig-hybrid-lowrank	302M	6	64	0.001	22889	6000214016	2.5146	single
kda-sig-hybrid-lowrank	47M	12	64	0.002	45777	12000165888	2.8522	single
kda-sig-hybrid-lowrank	47M	20	64	0.002	76294	20000014336	2.8250	single
kda-sig-hybrid-lowrank	47M	6	32	0.002	45777	6000082944	2.9126	single
kda-sig-lowrank	124M	12	64	0.001	45777	12000165888	2.6212	single
kda-sig-lowrank	124M	20	64	0.001	76294	20000014336	2.5837	single
kda-sig-lowrank	124M	6	64	0.001	22889	6000214016	2.6869	single
kda-sig-lowrank	302M	12	64	0.001	45777	12000165888	2.4505	single
kda-sig-lowrank	302M	20	128	0.001	38147	20000014336	2.4077	single
kda-sig-lowrank	302M	6	64	0.001	22889	6000214016	2.5243	single
kda-sig-lowrank	47M	12	64	0.002	45777	12000165888	2.8664	single
kda-sig-lowrank	47M	20	64	0.002	76294	20000014336	2.8403	single
kda-sig-lowrank	47M	6	32	0.002	45777	6000082944	2.9247	single
ckda-shipped-hybrid-lowrank	124M	12	64	0.001	45777	12000165888	2.6083	single
ckda-shipped-hybrid-lowrank	124M	20	64	0.001	76294	20000014336	2.5708	single
ckda-shipped-hybrid-lowrank	124M	6	64	0.001	22889	6000214016	2.6719	single
ckda-shipped-hybrid-lowrank	302M	12	64	0.001	45777	12000165888	2.4437	single
ckda-shipped-hybrid-lowrank	302M	20	128	0.001	38147	20000014336	2.3967	single
ckda-shipped-hybrid-lowrank	302M	6	64	0.001	22889	6000214016	2.5174	single
ckda-shipped-hybrid-lowrank	47M	12	64	0.002	45777	12000165888	2.8560	single
ckda-shipped-hybrid-lowrank	47M	20	64	0.002	76294	20000014336	2.8257	single
ckda-shipped-hybrid-lowrank	47M	6	32	0.002	45777	6000082944	2.9167	single
ckda-shipped-lowrank	124M	12	64	0.001	45777	12000165888	2.6220	single
ckda-shipped-lowrank	124M	20	64	0.001	76294	20000014336	2.5850	single
ckda-shipped-lowrank	124M	6	64	0.001	22889	6000214016	2.6880	single
ckda-shipped-lowrank	302M	12	64	0.001	45777	12000165888	2.4550	single
ckda-shipped-lowrank	302M	20	128	0.001	38147	20000014336	2.4089	single
ckda-shipped-lowrank	302M	6	64	0.001	22889	6000214016	2.5258	single
ckda-shipped-lowrank	47M	12	64	0.002	45777	12000165888	2.8671	single
ckda-shipped-lowrank	47M	20	64	0.002	76294	20000014336	2.8397	single
ckda-shipped-lowrank	47M	6	32	0.002	45777	6000082944	2.9267	single
attn-qknorm	124M	30	128	0.001	57221	30000283648	2.5851	single
attn-qknorm	124M	50	128	0.001	95368	50000297984	2.5488	single
attn-qknorm	47M	30	64	0.002	114441	30000021504	2.8335	single
attn-qknorm	47M	50	128	0.002	95368	50000297984	2.8045	single
attn	124M	30	128	0.001	57221	30000283648	2.6074	single
attn	124M	50	128	0.001	95368	50000297984	2.5682	single
attn	47M	30	64	0.002	114441	30000021504	2.8578	single
attn	47M	50	128	0.002	95368	50000297984	2.8271	single
kda-sig-hybrid-lowrank	124M	30	128	0.001	57221	30000283648	2.5442	single
kda-sig-hybrid-lowrank	124M	50	128	0.001	95368	50000297984	2.5146	single
kda-sig-hybrid-lowrank	47M	30	64	0.002	114441	30000021504	2.8063	single
kda-sig-hybrid-lowrank	47M	50	128	0.002	95368	50000297984	2.7809	single
kda-sig-lowrank	124M	30	128	0.001	57221	30000283648	2.5576	single
kda-sig-lowrank	124M	50	128	0.001	95368	50000297984	2.5286	single
kda-sig-lowrank	47M	30	64	0.002	114441	30000021504	2.8215	single
kda-sig-lowrank	47M	50	128	0.002	95368	50000297984	2.7974	single
ckda-shipped-hybrid-lowrank	124M	30	128	0.001	57221	30000283648	2.5462	single
ckda-shipped-hybrid-lowrank	124M	50	128	0.001	95368	50000297984	2.5154	single
ckda-shipped-hybrid-lowrank	47M	30	64	0.002	114441	30000021504	2.8075	single
ckda-shipped-hybrid-lowrank	47M	50	128	0.002	95368	50000297984	2.7814	single
ckda-shipped-lowrank	124M	30	128	0.001	57221	30000283648	2.5581	single
ckda-shipped-lowrank	124M	50	128	0.001	95368	50000297984	2.5288	single
ckda-shipped-lowrank	47M	30	64	0.002	114441	30000021504	2.8220	single
ckda-shipped-lowrank	47M	50	128	0.002	95368	50000297984	2.7962	single
attn-qknorm	1.7B	6	64	0.0005	22889	6000214016	2.3725	single
attn-qknorm	1.7B	12	128	0.0005	22889	12000428032	2.2829	chain
attn-qknorm	1.7B	20	128	0.0005	38147	20000014336	2.2218	chain
attn-qknorm	1.7B	30	128	0.0005	57221	30000283648	2.1812	chain
attn-qknorm	1.7B	50	128	0.0005	95368	50000297984	2.1374	chain
attn-qknorm	588M	12	64	0.0005	45777	12000165888	2.4051	chain
attn-qknorm	588M	20	128	0.0005	38147	20000014336	2.3534	chain
attn-qknorm	588M	30	128	0.0005	57221	30000283648	2.3172	chain
attn-qknorm	588M	50	128	0.0005	95368	50000297984	2.2770	chain
attn-qknorm	588M	6	64	0.0005	22889	6000214016	2.4892	chain
attn-qknorm	983M	12	64	0.0005	45777	12000165888	2.3403	chain
attn-qknorm	983M	20	128	0.0005	38147	20000014336	2.2844	chain
attn-qknorm	983M	30	128	0.0005	57221	30000283648	2.2464	chain
attn-qknorm	983M	50	128	0.0005	95368	50000297984	2.2070	chain
attn-qknorm	983M	6	64	0.0005	22889	6000214016	2.4282	chain
attn	1.7B	6	64	0.0005	22889	6000214016	2.4001	single
attn	1.7B	12	128	0.0005	22889	12000428032	2.3100	chain
attn	1.7B	20	128	0.0005	38147	20000014336	2.2488	chain
attn	1.7B	30	128	0.0005	57221	30000283648	2.2077	chain
attn	1.7B	50	128	0.0005	95368	50000297984	2.1630	chain
attn	588M	12	64	0.0005	45777	12000165888	2.4346	chain
attn	588M	20	128	0.0005	38147	20000014336	2.3805	chain
attn	588M	30	128	0.0005	57221	30000283648	2.3436	chain
attn	588M	50	128	0.0005	95368	50000297984	2.3032	chain
attn	588M	6	64	0.0005	22889	6000214016	2.5209	chain
attn	983M	12	64	0.0005	45777	12000165888	2.3682	chain
attn	983M	20	128	0.0005	38147	20000014336	2.3114	chain
attn	983M	30	128	0.0005	57221	30000283648	2.2721	chain
attn	983M	50	128	0.0005	95368	50000297984	2.2298	chain
attn	983M	6	64	0.0005	22889	6000214016	2.4551	chain
kda-sig-hybrid-lowrank	1.7B	6	64	0.0005	22889	6000214016	2.3284	single
kda-sig-hybrid-lowrank	1.7B	12	128	0.0005	22889	12000428032	2.2399	chain
kda-sig-hybrid-lowrank	1.7B	20	128	0.0005	38147	20000014336	2.1795	chain
kda-sig-hybrid-lowrank	1.7B	30	128	0.0005	57221	30000283648	2.1395	chain
kda-sig-hybrid-lowrank	1.7B	50	128	0.0005	95368	50000297984	2.0971	chain
kda-sig-hybrid-lowrank	588M	12	64	0.0005	45777	12000165888	2.3556	chain
kda-sig-hybrid-lowrank	588M	20	128	0.0005	38147	20000014336	2.3051	chain
kda-sig-hybrid-lowrank	588M	30	128	0.0005	57221	30000283648	2.2676	chain
kda-sig-hybrid-lowrank	588M	50	128	0.0005	95368	50000297984	2.2284	chain
kda-sig-hybrid-lowrank	588M	6	64	0.0005	22889	6000214016	2.4430	chain
kda-sig-hybrid-lowrank	983M	12	64	0.0005	45777	12000165888	2.2920	chain
kda-sig-hybrid-lowrank	983M	20	128	0.0005	38147	20000014336	2.2369	chain
kda-sig-hybrid-lowrank	983M	30	128	0.0005	57221	30000283648	2.1981	chain
kda-sig-hybrid-lowrank	983M	50	128	0.0005	95368	50000297984	2.1571	chain
kda-sig-hybrid-lowrank	983M	6	64	0.0005	22889	6000214016	2.3810	chain
kda-sig-lowrank	1.7B	6	64	0.0005	22889	6000214016	2.3359	single
kda-sig-lowrank	1.7B	12	128	0.0005	22889	12000428032	2.2496	chain
kda-sig-lowrank	1.7B	20	128	0.0005	38147	20000014336	2.1882	chain
kda-sig-lowrank	1.7B	30	128	0.0005	57221	30000283648	2.1477	chain
kda-sig-lowrank	1.7B	50	128	0.0005	95368	50000297984	2.1046	chain
kda-sig-lowrank	588M	12	64	0.0005	45777	12000165888	2.3626	chain
kda-sig-lowrank	588M	20	128	0.0005	38147	20000014336	2.3143	chain
kda-sig-lowrank	588M	30	128	0.0005	57221	30000283648	2.2775	chain
kda-sig-lowrank	588M	50	128	0.0005	95368	50000297984	2.2386	chain
kda-sig-lowrank	588M	6	64	0.0005	22889	6000214016	2.4496	chain
kda-sig-lowrank	983M	12	64	0.0005	45777	12000165888	2.3009	chain
kda-sig-lowrank	983M	20	128	0.0005	38147	20000014336	2.2484	chain
kda-sig-lowrank	983M	30	128	0.0005	57221	30000283648	2.2098	chain
kda-sig-lowrank	983M	50	128	0.0005	95368	50000297984	2.1686	chain
kda-sig-lowrank	983M	6	64	0.0005	22889	6000214016	2.3905	chain
ckda-shipped-hybrid-lowrank	1.7B	6	64	0.0005	22889	6000214016	2.3299	single
ckda-shipped-hybrid-lowrank	1.7B	12	128	0.0005	22889	12000428032	2.2433	chain
ckda-shipped-hybrid-lowrank	1.7B	20	128	0.0005	38147	20000014336	2.1828	chain
ckda-shipped-hybrid-lowrank	1.7B	30	128	0.0005	57221	30000283648	2.1429	chain
ckda-shipped-hybrid-lowrank	1.7B	50	128	0.0005	95368	50000297984	2.1002	chain
ckda-shipped-hybrid-lowrank	588M	12	64	0.0005	45777	12000165888	2.3555	chain
ckda-shipped-hybrid-lowrank	588M	20	128	0.0005	38147	20000014336	2.3049	chain
ckda-shipped-hybrid-lowrank	588M	30	128	0.0005	57221	30000283648	2.2683	chain
ckda-shipped-hybrid-lowrank	588M	50	128	0.0005	95368	50000297984	2.2295	chain
ckda-shipped-hybrid-lowrank	588M	6	64	0.0005	22889	6000214016	2.4424	chain
ckda-shipped-hybrid-lowrank	983M	12	64	0.0005	45777	12000165888	2.2959	chain
ckda-shipped-hybrid-lowrank	983M	20	128	0.0005	38147	20000014336	2.2405	chain
ckda-shipped-hybrid-lowrank	983M	30	128	0.0005	57221	30000283648	2.2017	chain
ckda-shipped-hybrid-lowrank	983M	50	128	0.0005	95368	50000297984	2.1608	chain
ckda-shipped-hybrid-lowrank	983M	6	64	0.0005	22889	6000214016	2.3850	chain
ckda-shipped-lowrank	1.7B	6	64	0.0005	22889	6000214016	2.3402	single
ckda-shipped-lowrank	1.7B	12	128	0.0005	22889	12000428032	2.2507	chain
ckda-shipped-lowrank	1.7B	20	128	0.0005	38147	20000014336	2.1898	chain
ckda-shipped-lowrank	1.7B	30	128	0.0005	57221	30000283648	2.1494	chain
ckda-shipped-lowrank	1.7B	50	128	0.0005	95368	50000297984	2.1061	chain
ckda-shipped-lowrank	588M	12	64	0.0005	45777	12000165888	2.3673	chain
ckda-shipped-lowrank	588M	20	128	0.0005	38147	20000014336	2.3191	chain
ckda-shipped-lowrank	588M	30	128	0.0005	57221	30000283648	2.2815	chain
ckda-shipped-lowrank	588M	50	128	0.0005	95368	50000297984	2.2417	chain
ckda-shipped-lowrank	588M	6	64	0.0005	22889	6000214016	2.4532	chain
ckda-shipped-lowrank	983M	12	64	0.0005	45777	12000165888	2.3059	chain
ckda-shipped-lowrank	983M	20	128	0.0005	38147	20000014336	2.2532	chain
ckda-shipped-lowrank	983M	30	128	0.0005	57221	30000283648	2.2141	chain
ckda-shipped-lowrank	983M	50	128	0.0005	95368	50000297984	2.1722	chain
ckda-shipped-lowrank	983M	6	64	0.0005	22889	6000214016	2.3963	chain
attn-qknorm	302M	30	128	0.001	57221	30000283648	2.4287	chain
attn-qknorm	302M	50	128	0.001	95368	50000297984	2.3882	chain
attn	302M	30	128	0.001	57221	30000283648	2.4598	chain
attn	302M	50	128	0.001	95368	50000297984	2.4160	chain
kda-sig-hybrid-lowrank	302M	30	128	0.001	57221	30000283648	2.3651	chain
kda-sig-hybrid-lowrank	302M	50	128	0.001	95368	50000297984	2.3323	chain
kda-sig-lowrank	302M	30	128	0.001	57221	30000283648	2.3768	chain
kda-sig-lowrank	302M	50	128	0.001	95368	50000297984	2.3441	chain
ckda-shipped-hybrid-lowrank	302M	30	128	0.001	57221	30000283648	2.3667	chain
ckda-shipped-hybrid-lowrank	302M	50	128	0.001	95368	50000297984	2.3335	chain
ckda-shipped-lowrank	302M	30	128	0.001	57221	30000283648	2.3784	chain
ckda-shipped-lowrank	302M	50	128	0.001	95368	50000297984	2.3453	chain
